text,label
"random text",invalid
"Where can I find Tokyo?",valid
"hello",invalid
"xyz123",invalid
"Tourist attractions in UX design?",valid
"Explain electric vehicles?",valid
"well",invalid
"Benefits of USA?",valid
"Guide to football?",valid
"a",invalid
"Benefits of world war 2?",valid
"ok",invalid
"Buy mental health",invalid
"test test test",invalid
"What is the weather in UX design?",valid
"Machine learning climate change?",valid
"blah blah",invalid
"no",invalid
"Message USA",invalid
"blah blah",invalid
"Play football",invalid
"Symptoms of blockchain?",valid
"Where can I find climate change?",valid
"Python sustainable living?",valid
"Remind me to climate change",invalid
"     ",invalid
"How to fix cryptocurrency?",valid
"Best way to learn diet plans?",valid
"test test test",invalid
"hello",invalid
"yo",invalid
"Book a flight to blockchain",invalid
"Turn off mental health",invalid
"   hi",invalid
"Explain cryptocurrency?",valid
"Find ChatGPT",invalid
"History of football?",valid
"Explain diet plans?",valid
"Where can I find world war 2?",valid
"Book a flight to budget travel",invalid
"Set alarm for electric vehicles",invalid
"History of stock market?",valid
"qwerty",invalid
"a",invalid
"no",invalid
"Top 10 diet plans?",valid
"How does cryptocurrency?",valid
"JavaScript world war 2?",valid
"Explain football?",valid
"nan",invalid
"Change mental health",invalid
"Where can I find football?",valid
"Machine learning astronomy?",valid
"Examples of astronomy?",valid
"How does cryptocurrency?",valid
"Examples of cryptocurrency?",valid
"How does diet plans?",valid
"Delete football",invalid
"Tourist attractions in world war 2?",valid
"Latest news about USA?",valid
"Locate budget travel",invalid
"How does mental health?",valid
"Send email to football",invalid
"Best way to learn COVID-19?",valid
"Symptoms of plant-based diet?",valid
"well",invalid
"Change astronomy",invalid
"......",invalid
"Best way to learn electric vehicles?",valid
"Turn off cryptocurrency",invalid
"Where can I find COVID-19?",valid
"Tips to improve astronomy?",valid
"JavaScript stock market?",valid
"Python budget travel?",valid
"lorem ipsum",invalid
"Best way to learn world war 2?",valid
"Send email to USA",invalid
"Mark as read astronomy",invalid
"qwerty",invalid
"How does world war 2?",valid
"Where can I find astronomy?",valid
"Buy football",invalid
"Latest news about plant-based diet?",valid
"Where can I find COVID-19?",valid
"Latest news about electric vehicles?",valid
"Examples of diet plans?",valid
"Where can I find stock market?",valid
"Buy sustainable living",invalid
"Schedule a meeting electric vehicles",invalid
"     ",invalid
"Benefits of climate change?",valid
"History of sustainable living?",valid
"nan",invalid
"Benefits of world war 2?",valid
"Remind me to USA",invalid
"Find blockchain",invalid
"How does UX design?",valid
"Tips to improve budget travel?",valid
"Set alarm for cryptocurrency",invalid
"xyz123",invalid
"!!!",invalid
"lorem ipsum",invalid
"ok",invalid
"Tourist attractions in astronomy?",valid
"Examples of Tokyo?",valid
"Examples of diet plans?",valid
"xyz123",invalid
"Top 10 cryptocurrency?",valid
"What is the weather in diet plans?",valid
"Best way to learn ChatGPT?",valid
"What is the weather in programming?",valid
"Remind me to Tokyo",invalid
"a",invalid
"Guide to plant-based diet?",valid
"Top 10 India?",valid
"Buy UX design",invalid
"Top 10 world war 2?",valid
"Python Tokyo?",valid
"Locate mental health",invalid
"Create calendar event Tokyo",invalid
"What is the weather in USA?",valid
"Recipes for cryptocurrency?",valid
"ok",invalid
"Best way to learn budget travel?",valid
"Tips to improve programming?",valid
"Benefits of mental health?",valid
"nan",invalid
"Mark as read COVID-19",invalid
"How does budget travel?",valid
"Book a flight to football",invalid
"Play climate change",invalid
"hello",invalid
"random text",invalid
"Tourist attractions in cryptocurrency?",valid
"Set alarm for astronomy",invalid
"Symptoms of UX design?",valid
"Tourist attractions in stock market?",valid
"Turn off cryptocurrency",invalid
"Guide to ChatGPT?",valid
"Guide to world war 2?",valid
"Examples of COVID-19?",valid
"Best way to learn COVID-19?",valid
"Machine learning ChatGPT?",valid
"Turn off climate change",invalid
"Tips to improve climate change?",valid
"Benefits of diet plans?",valid
"Benefits of diet plans?",valid
"well",invalid
"Tips to improve plant-based diet?",valid
"Machine learning COVID-19?",valid
"How to make electric vehicles?",valid
"Explain ChatGPT?",valid
"Locate ChatGPT",invalid
"hmmm",invalid
"Buy UX design",invalid
"Open COVID-19",invalid
"Where can I find climate change?",valid
"nan",invalid
"Change India",invalid
"Recipes for sustainable living?",valid
"Book a flight to football",invalid
"Mark as read electric vehicles",invalid
"Recipes for astronomy?",valid
"What is the weather in mental health?",valid
"Find ChatGPT",invalid
"lorem ipsum",invalid
"JavaScript diet plans?",valid
"......",invalid
"Latest news about USA?",valid
"a",invalid
"Tips to improve electric vehicles?",valid
"Open climate change",invalid
"Set alarm for electric vehicles",invalid
"Remind me to mental health",invalid
"Examples of world war 2?",valid
"Latest news about mental health?",valid
"nan",invalid
"Guide to India?",valid
"Tips to improve ChatGPT?",valid
"Python plant-based diet?",valid
"ok",invalid
"random text",invalid
"Change budget travel",invalid
"Latest news about Tokyo?",valid
"Buy diet plans",invalid
"How to fix astronomy?",valid
"Add mental health",invalid
"Symptoms of astronomy?",valid
"Machine learning stock market?",valid
"Symptoms of diet plans?",valid
"nan",invalid
"Latest news about astronomy?",valid
"JavaScript ChatGPT?",valid
"Best way to learn mental health?",valid
"Mark as read electric vehicles",invalid
"Guide to UX design?",valid
"Top 10 sustainable living?",valid
"Recipes for football?",valid
"Explain sustainable living?",valid
"Navigate to football",invalid
"lorem ipsum",invalid
"test test test",invalid
"asdfghjkl",invalid
"How does sustainable living?",valid
"Latest news about mental health?",valid
"Mark as read sustainable living",invalid
"asdfghjkl",invalid
"Benefits of climate change?",valid
"Delete Tokyo",invalid
"Navigate to India",invalid
"yo",invalid
"Book a flight to diet plans",invalid
"Locate UX design",invalid
"Call budget travel",invalid
"How does blockchain?",valid
"Tips to improve stock market?",valid
"How to fix cryptocurrency?",valid
"What is the weather in Tokyo?",valid
"JavaScript sustainable living?",valid
"Top 10 world war 2?",valid
"Latest news about UX design?",valid
"How does plant-based diet?",valid
"JavaScript plant-based diet?",valid
"hmmm",invalid
"Python ChatGPT?",valid
"Remind me to Tokyo",invalid
"Find plant-based diet",invalid
"random text",invalid
"Send email to COVID-19",invalid
"Best way to learn plant-based diet?",valid
"Explain COVID-19?",valid
"Best way to learn budget travel?",valid
"Latest news about mental health?",valid
"Explain plant-based diet?",valid
"Change sustainable living",invalid
"Top 10 ChatGPT?",valid
"hello",invalid
"Send email to India",invalid
"test test test",invalid
"Benefits of USA?",valid
"JavaScript diet plans?",valid
"Mark as read ChatGPT",invalid
"Open cryptocurrency",invalid
"Turn off mental health",invalid
"Remind me to ChatGPT",invalid
"Change blockchain",invalid
"Mark as read stock market",invalid
"Recipes for ChatGPT?",valid
"Machine learning budget travel?",valid
"Best way to learn climate change?",valid
"How does cryptocurrency?",valid
"Set alarm for diet plans",invalid
"Set alarm for blockchain",invalid
"Best way to learn UX design?",valid
"......",invalid
"Play stock market",invalid
"random text",invalid
"Latest news about budget travel?",valid
"hello",invalid
"a",invalid
"Python diet plans?",valid
"well",invalid
"Remind me to plant-based diet",invalid
"Open Tokyo",invalid
"Turn off blockchain",invalid
"Latest news about UX design?",valid
"Where can I find diet plans?",valid
"How to fix mental health?",valid
"How does USA?",valid
"Latest news about blockchain?",valid
"nan",invalid
"Machine learning programming?",valid
"hmmm",invalid
"Best way to learn stock market?",valid
"Record ChatGPT",invalid
"Remind me to budget travel",invalid
"What is the weather in India?",valid
"yes",invalid
"Benefits of ChatGPT?",valid
"Delete football",invalid
"What is the weather in electric vehicles?",valid
"What is the weather in stock market?",valid
"Locate ChatGPT",invalid
"Message programming",invalid
"Tips to improve UX design?",valid
"JavaScript programming?",valid
"Where can I find cryptocurrency?",valid
"Send email to diet plans",invalid
"Best way to learn UX design?",valid
"well",invalid
"hello",invalid
"Tips to improve plant-based diet?",valid
"xyz123",invalid
"Send email to world war 2",invalid
"How does mental health?",valid
"Add Tokyo",invalid
"lorem ipsum",invalid
"hello",invalid
"no",invalid
"JavaScript COVID-19?",valid
"Machine learning electric vehicles?",valid
"Schedule a meeting blockchain",invalid
"Guide to India?",valid
"How to fix mental health?",valid
"Top 10 stock market?",valid
"a",invalid
"History of world war 2?",valid
"Best way to learn COVID-19?",valid
"JavaScript astronomy?",valid
"     ",invalid
"Delete UX design",invalid
"Where can I find climate change?",valid
"Change USA",invalid
"Best way to learn sustainable living?",valid
"Symptoms of India?",valid
"Tips to improve climate change?",valid
"nan",invalid
"Guide to UX design?",valid
"History of USA?",valid
"JavaScript world war 2?",valid
"JavaScript climate change?",valid
"Python mental health?",valid
"Best way to learn cryptocurrency?",valid
"Play cryptocurrency",invalid
"Best way to learn USA?",valid
"blah blah",invalid
"yo",invalid
"Buy astronomy",invalid
"Add mental health",invalid
"Find sustainable living",invalid
"History of USA?",valid
"Python astronomy?",valid
"Python India?",valid
"Book a flight to Tokyo",invalid
"well",invalid
"How to fix ChatGPT?",valid
"Best way to learn blockchain?",valid
"Best way to learn mental health?",valid
"Remind me to stock market",invalid
"Benefits of stock market?",valid
"Explain cryptocurrency?",valid
"Top 10 cryptocurrency?",valid
"Tourist attractions in stock market?",valid
"yes",invalid
"Recipes for India?",valid
"Machine learning plant-based diet?",valid
"     ",invalid
"Python world war 2?",valid
"What is the weather in Tokyo?",valid
"How to fix Tokyo?",valid
"Best way to learn cryptocurrency?",valid
"Locate climate change",invalid
"Tips to improve astronomy?",valid
"Examples of cryptocurrency?",valid
"Examples of USA?",valid
"How to fix plant-based diet?",valid
"Add plant-based diet",invalid
"Locate stock market",invalid
"Python sustainable living?",valid
"Send email to India",invalid
"......",invalid
"ok",invalid
"xyz123",invalid
"Machine learning cryptocurrency?",valid
"Tourist attractions in plant-based diet?",valid
"How to fix COVID-19?",valid
"a",invalid
"Examples of cryptocurrency?",valid
"Change world war 2",invalid
"Machine learning climate change?",valid
"JavaScript programming?",valid
"......",invalid
"Book a flight to programming",invalid
"yo",invalid
"How to fix electric vehicles?",valid
"Call cryptocurrency",invalid
"History of cryptocurrency?",valid
"Guide to football?",valid
"What is the weather in COVID-19?",valid
"Remind me to UX design",invalid
"!!!",invalid
"Send email to astronomy",invalid
"Top 10 USA?",valid
"Benefits of mental health?",valid
"Where can I find cryptocurrency?",valid
"Examples of diet plans?",valid
"hello",invalid
"Tourist attractions in blockchain?",valid
"Schedule a meeting UX design",invalid
"qwerty",invalid
"Send email to astronomy",invalid
"Call mental health",invalid
"yes",invalid
"Tips to improve world war 2?",valid
"How does cryptocurrency?",valid
"Navigate to COVID-19",invalid
"How to fix programming?",valid
"Latest news about stock market?",valid
"Top 10 stock market?",valid
"Play budget travel",invalid
"yes",invalid
"Examples of India?",valid
"yo",invalid
"Delete astronomy",invalid
"Remind me to climate change",invalid
"yes",invalid
"How to fix budget travel?",valid
"yo",invalid
"Record programming",invalid
"Find UX design",invalid
"Message football",invalid
"yes",invalid
"Set alarm for stock market",invalid
"Navigate to mental health",invalid
"......",invalid
"JavaScript COVID-19?",valid
"Tourist attractions in ChatGPT?",valid
"What is the weather in world war 2?",valid
"Benefits of India?",valid
"Add electric vehicles",invalid
"Symptoms of electric vehicles?",valid
"Open India",invalid
"History of blockchain?",valid
"Mark as read ChatGPT",invalid
"Remind me to ChatGPT",invalid
"yo",invalid
"Examples of electric vehicles?",valid
"!!!",invalid
"Best way to learn world war 2?",valid
"Explain mental health?",valid
"Machine learning blockchain?",valid
"Explain Tokyo?",valid
"   hi",invalid
"ok",invalid
"What is the weather in India?",valid
"Message mental health",invalid
"     ",invalid
"How to fix mental health?",valid
"Latest news about world war 2?",valid
"Where can I find ChatGPT?",valid
"Best way to learn USA?",valid
"Turn off budget travel",invalid
"Add USA",invalid
"Buy budget travel",invalid
"Top 10 sustainable living?",valid
"History of USA?",valid
"Benefits of stock market?",valid
"qwerty",invalid
"Python plant-based diet?",valid
"test test test",invalid
"Symptoms of ChatGPT?",valid
"no",invalid
"Mark as read India",invalid
"Find Tokyo",invalid
"Symptoms of plant-based diet?",valid
"How to fix football?",valid
"qwerty",invalid
"test test test",invalid
"Delete programming",invalid
"Record USA",invalid
"Record climate change",invalid
"What is the weather in programming?",valid
"xyz123",invalid
"Explain electric vehicles?",valid
"Mark as read Tokyo",invalid
"no",invalid
"Guide to blockchain?",valid
"How to make electric vehicles?",valid
"Where can I find electric vehicles?",valid
"ok",invalid
"well",invalid
"Tourist attractions in mental health?",valid
"Book a flight to COVID-19",invalid
"Buy COVID-19",invalid
"JavaScript USA?",valid
"Python plant-based diet?",valid
"JavaScript USA?",valid
"Examples of ChatGPT?",valid
"Remind me to budget travel",invalid
"Find astronomy",invalid
"Symptoms of COVID-19?",valid
"Book a flight to mental health",invalid
"hmmm",invalid
"Examples of climate change?",valid
"Where can I find world war 2?",valid
"test test test",invalid
"Add astronomy",invalid
"Top 10 budget travel?",valid
"Delete ChatGPT",invalid
"Mark as read diet plans",invalid
"Explain mental health?",valid
"Explain astronomy?",valid
"yo",invalid
"hello",invalid
"Examples of diet plans?",valid
"xyz123",invalid
"Latest news about football?",valid
"Where can I find world war 2?",valid
"Guide to plant-based diet?",valid
"Locate world war 2",invalid
"History of plant-based diet?",valid
"Create calendar event COVID-19",invalid
"Explain astronomy?",valid
"Examples of diet plans?",valid
"Tourist attractions in Tokyo?",valid
"hmmm",invalid
"Find world war 2",invalid
"How to make electric vehicles?",valid
"qwerty",invalid
"Python programming?",valid
"Buy USA",invalid
"     ",invalid
"Schedule a meeting mental health",invalid
"lorem ipsum",invalid
"Best way to learn football?",valid
"Change blockchain",invalid
"How does budget travel?",valid
"History of plant-based diet?",valid
"Message India",invalid
"Benefits of diet plans?",valid
"Python electric vehicles?",valid
"Change UX design",invalid
"JavaScript USA?",valid
"Where can I find UX design?",valid
"History of astronomy?",valid
"Open blockchain",invalid
"Latest news about programming?",valid
"Top 10 Tokyo?",valid
"Examples of diet plans?",valid
"yes",invalid
"yes",invalid
"ok",invalid
"History of budget travel?",valid
"Machine learning COVID-19?",valid
"test test test",invalid
"Tips to improve world war 2?",valid
"Benefits of climate change?",valid
"Mark as read budget travel",invalid
"Remind me to mental health",invalid
"Turn off astronomy",invalid
"Delete world war 2",invalid
"random text",invalid
"Buy mental health",invalid
"JavaScript India?",valid
"Top 10 football?",valid
"Record blockchain",invalid
"Symptoms of programming?",valid
"Set alarm for world war 2",invalid
"Tourist attractions in climate change?",valid
"Tourist attractions in ChatGPT?",valid
"yo",invalid
"hello",invalid
"Buy electric vehicles",invalid
"Recipes for world war 2?",valid
"Message sustainable living",invalid
"JavaScript diet plans?",valid
"JavaScript budget travel?",valid
"Mark as read world war 2",invalid
"Change ChatGPT",invalid
"Buy ChatGPT",invalid
"Explain COVID-19?",valid
"Find India",invalid
"Add stock market",invalid
"Guide to sustainable living?",valid
"Remind me to COVID-19",invalid
"Schedule a meeting world war 2",invalid
"Send email to plant-based diet",invalid
"asdfghjkl",invalid
"Open sustainable living",invalid
"History of programming?",valid
"lorem ipsum",invalid
"Find sustainable living",invalid
"Explain world war 2?",valid
"blah blah",invalid
"Best way to learn diet plans?",valid
"Change astronomy",invalid
"     ",invalid
"lorem ipsum",invalid
"JavaScript Tokyo?",valid
"Remind me to cryptocurrency",invalid
"Top 10 plant-based diet?",valid
"Turn off diet plans",invalid
"Explain USA?",valid
"Tourist attractions in programming?",valid
"Machine learning blockchain?",valid
"Play blockchain",invalid
"a",invalid
"Benefits of programming?",valid
"History of budget travel?",valid
"What is the weather in cryptocurrency?",valid
"History of football?",valid
"hmmm",invalid
"Top 10 UX design?",valid
"Book a flight to sustainable living",invalid
"Send email to world war 2",invalid
"Best way to learn plant-based diet?",valid
"qwerty",invalid
"asdfghjkl",invalid
"Locate India",invalid
"Create calendar event COVID-19",invalid
"Examples of world war 2?",valid
"Book a flight to plant-based diet",invalid
"qwerty",invalid
"Machine learning UX design?",valid
"Book a flight to programming",invalid
"     ",invalid
"Delete India",invalid
"nan",invalid
"!!!",invalid
"Examples of sustainable living?",valid
"Set alarm for plant-based diet",invalid
"qwerty",invalid
"Create calendar event cryptocurrency",invalid
"Call USA",invalid
"test test test",invalid
"Guide to plant-based diet?",valid
"Latest news about budget travel?",valid
"What is the weather in sustainable living?",valid
"Set alarm for programming",invalid
"Recipes for electric vehicles?",valid
"no",invalid
"a",invalid
"Navigate to programming",invalid
"xyz123",invalid
"Recipes for stock market?",valid
"Delete ChatGPT",invalid
"lorem ipsum",invalid
"Tourist attractions in cryptocurrency?",valid
"Open diet plans",invalid
"Symptoms of blockchain?",valid
"blah blah",invalid
"Tourist attractions in UX design?",valid
"xyz123",invalid
"Symptoms of India?",valid
"Tourist attractions in ChatGPT?",valid
"!!!",invalid
"Schedule a meeting cryptocurrency",invalid
"     ",invalid
"Best way to learn climate change?",valid
"Message stock market",invalid
"Call stock market",invalid
"Send email to world war 2",invalid
"JavaScript budget travel?",valid
"Tourist attractions in programming?",valid
"Schedule a meeting plant-based diet",invalid
"test test test",invalid
"Guide to Tokyo?",valid
"blah blah",invalid
"hello",invalid
"Python India?",valid
"Machine learning sustainable living?",valid
"nan",invalid
"Python astronomy?",valid
"Symptoms of climate change?",valid
"Examples of programming?",valid
"Symptoms of football?",valid
"Recipes for world war 2?",valid
"History of electric vehicles?",valid
"yo",invalid
"Navigate to football",invalid
"Best way to learn world war 2?",valid
"Tips to improve sustainable living?",valid
"What is the weather in programming?",valid
"a",invalid
"JavaScript mental health?",valid
"yo",invalid
"Best way to learn budget travel?",valid
"How to make USA?",valid
"lorem ipsum",invalid
"Python programming?",valid
"yo",invalid
"Best way to learn ChatGPT?",valid
"Where can I find stock market?",valid
"Book a flight to COVID-19",invalid
"Top 10 stock market?",valid
"What is the weather in mental health?",valid
"Explain budget travel?",valid
"Tourist attractions in sustainable living?",valid
"Buy plant-based diet",invalid
"Python COVID-19?",valid
"Message UX design",invalid
"How does world war 2?",valid
"well",invalid
"Python programming?",valid
"Recipes for electric vehicles?",valid
"Benefits of sustainable living?",valid
"well",invalid
"How to fix programming?",valid
"Send email to ChatGPT",invalid
"yo",invalid
"Where can I find USA?",valid
"......",invalid
"Find electric vehicles",invalid
"asdfghjkl",invalid
"Benefits of UX design?",valid
"test test test",invalid
"Best way to learn budget travel?",valid
"Guide to ChatGPT?",valid
"xyz123",invalid
"Recipes for astronomy?",valid
"Record diet plans",invalid
"lorem ipsum",invalid
"Tourist attractions in world war 2?",valid
"lorem ipsum",invalid
"Remind me to blockchain",invalid
"Buy Tokyo",invalid
"Guide to world war 2?",valid
"How to make UX design?",valid
"Benefits of football?",valid
"JavaScript blockchain?",valid
"Delete electric vehicles",invalid
"......",invalid
"xyz123",invalid
"JavaScript ChatGPT?",valid
"Guide to climate change?",valid
"How to make diet plans?",valid
"JavaScript astronomy?",valid
"Guide to diet plans?",valid
"ok",invalid
"Recipes for mental health?",valid
"Recipes for world war 2?",valid
"Add blockchain",invalid
"Guide to astronomy?",valid
"Add Tokyo",invalid
"Benefits of ChatGPT?",valid
"Where can I find programming?",valid
"How to fix diet plans?",valid
"Tips to improve ChatGPT?",valid
"Tips to improve world war 2?",valid
"Symptoms of Tokyo?",valid
"Remind me to blockchain",invalid
"Top 10 mental health?",valid
"Open football",invalid
"Navigate to electric vehicles",invalid
"Where can I find electric vehicles?",valid
"Send email to astronomy",invalid
"Symptoms of COVID-19?",valid
"Find mental health",invalid
"JavaScript ChatGPT?",valid
"How does Tokyo?",valid
"Record world war 2",invalid
"Latest news about ChatGPT?",valid
"Benefits of climate change?",valid
"Recipes for football?",valid
"Benefits of programming?",valid
"Open blockchain",invalid
"Best way to learn astronomy?",valid
"   hi",invalid
"JavaScript COVID-19?",valid
"Find Tokyo",invalid
"How to fix programming?",valid
"Call Tokyo",invalid
"Python COVID-19?",valid
"Latest news about USA?",valid
"hello",invalid
"Navigate to India",invalid
"Tips to improve Tokyo?",valid
"Call UX design",invalid
"How to fix climate change?",valid
"How to fix cryptocurrency?",valid
"How does world war 2?",valid
"History of electric vehicles?",valid
"Tips to improve electric vehicles?",valid
"What is the weather in ChatGPT?",valid
"Remind me to plant-based diet",invalid
"Guide to plant-based diet?",valid
"What is the weather in UX design?",valid
"Remind me to football",invalid
"JavaScript electric vehicles?",valid
"Tips to improve COVID-19?",valid
"Guide to electric vehicles?",valid
"Best way to learn stock market?",valid
"How to make plant-based diet?",valid
"Add USA",invalid
"Latest news about budget travel?",valid
"Benefits of electric vehicles?",valid
"Play plant-based diet",invalid
"Latest news about diet plans?",valid
"well",invalid
"Delete COVID-19",invalid
"Delete programming",invalid
"What is the weather in Tokyo?",valid
"ok",invalid
"Schedule a meeting climate change",invalid
"   hi",invalid
"Buy mental health",invalid
"Tips to improve UX design?",valid
"Recipes for USA?",valid
"Play ChatGPT",invalid
"Navigate to world war 2",invalid
"Python world war 2?",valid
"Explain blockchain?",valid
"Recipes for USA?",valid
"Delete world war 2",invalid
"Examples of mental health?",valid
"Remind me to astronomy",invalid
"Open UX design",invalid
"Delete Tokyo",invalid
"Change budget travel",invalid
"How to fix programming?",valid
"Locate India",invalid
"Tips to improve UX design?",valid
"......",invalid
"Locate programming",invalid
"..",invalid
"Explain COVID-19?",valid
"Send email to programming",invalid
"Examples of USA?",valid
"JavaScript climate change?",valid
"Top 10 world war 2?",valid
"History of UX design?",valid
"Where can I find UX design?",valid
"Benefits of climate change?",valid
"Find budget travel",invalid
"Buy mental health",invalid
"Tips to improve blockchain?",valid
"Latest news about COVID-19?",valid
"Change blockchain",invalid
"Turn off blockchain",invalid
"Record astronomy",invalid
"ok",invalid
"JavaScript ChatGPT?",valid
"Send email to cryptocurrency",invalid
"How to fix programming?",valid
"Tips to improve ChatGPT?",valid
"Top 10 programming?",valid
"Python USA?",valid
"History of mental health?",valid
"Tourist attractions in sustainable living?",valid
"Open India",invalid
"Play budget travel",invalid
"Python ChatGPT?",valid
"How to make electric vehicles?",valid
"How to make ChatGPT?",valid
"test test test",invalid
"Recipes for UX design?",valid
"Message Tokyo",invalid
"Add climate change",invalid
"ok",invalid
"How does mental health?",valid
"Python electric vehicles?",valid
"Where can I find electric vehicles?",valid
"ok",invalid
"yes",invalid
"Find climate change",invalid
"Send email to plant-based diet",invalid
"How does climate change?",valid
"Tourist attractions in climate change?",valid
"Benefits of programming?",valid
"Set alarm for football",invalid
"xyz123",invalid
"Python astronomy?",valid
"Add diet plans",invalid
"What is the weather in cryptocurrency?",valid
"Where can I find COVID-19?",valid
"Call football",invalid
"no",invalid
"Python blockchain?",valid
"Examples of astronomy?",valid
"Recipes for COVID-19?",valid
"Recipes for COVID-19?",valid
"Set alarm for electric vehicles",invalid
"Add climate change",invalid
"Open blockchain",invalid
"yo",invalid
"Benefits of diet plans?",valid
"Examples of programming?",valid
"Top 10 electric vehicles?",valid
"Python budget travel?",valid
"How to make ChatGPT?",valid
"Benefits of USA?",valid
"yo",invalid
"Turn off programming",invalid
"Remind me to sustainable living",invalid
"How to make UX design?",valid
"Set alarm for ChatGPT",invalid
"Explain blockchain?",valid
"What is the weather in plant-based diet?",valid
"yo",invalid
"Tourist attractions in mental health?",valid
"Recipes for electric vehicles?",valid
"!!!",invalid
"How does programming?",valid
"History of sustainable living?",valid
"xyz123",invalid
"Play USA",invalid
"Machine learning world war 2?",valid
"Open plant-based diet",invalid
"Guide to COVID-19?",valid
"History of world war 2?",valid
"Locate astronomy",invalid
"Tourist attractions in climate change?",valid
"Send email to India",invalid
"Create calendar event sustainable living",invalid
"Guide to Tokyo?",valid
"lorem ipsum",invalid
"Tourist attractions in programming?",valid
"Schedule a meeting mental health",invalid
"Remind me to ChatGPT",invalid
"Navigate to programming",invalid
"How to fix world war 2?",valid
"Recipes for astronomy?",valid
"qwerty",invalid
"nan",invalid
"Latest news about USA?",valid
"Call cryptocurrency",invalid
"Open football",invalid
"Benefits of COVID-19?",valid
"random text",invalid
"Turn off stock market",invalid
"Machine learning cryptocurrency?",valid
"Recipes for football?",valid
"yo",invalid
"Mark as read cryptocurrency",invalid
"Latest news about programming?",valid
"Delete stock market",invalid
"Call ChatGPT",invalid
"What is the weather in blockchain?",valid
"Guide to blockchain?",valid
"......",invalid
"Explain UX design?",valid
"What is the weather in astronomy?",valid
"Turn off plant-based diet",invalid
"Tourist attractions in mental health?",valid
"History of stock market?",valid
"Python India?",valid
"Change COVID-19",invalid
"Call cryptocurrency",invalid
"qwerty",invalid
"     ",invalid
"Tourist attractions in climate change?",valid
"Delete astronomy",invalid
"Change UX design",invalid
"Explain India?",valid
"Buy COVID-19",invalid
"blah blah",invalid
"Play astronomy",invalid
"Set alarm for diet plans",invalid
"JavaScript ChatGPT?",valid
"asdfghjkl",invalid
"Send email to USA",invalid
"Record electric vehicles",invalid
"Locate sustainable living",invalid
"Benefits of astronomy?",valid
"Best way to learn COVID-19?",valid
"Top 10 stock market?",valid
"random text",invalid
"Delete budget travel",invalid
"Top 10 COVID-19?",valid
"Navigate to electric vehicles",invalid
"Navigate to India",invalid
"Tourist attractions in football?",valid
"Change astronomy",invalid
"random text",invalid
"Play world war 2",invalid
"How does budget travel?",valid
"How to make world war 2?",valid
"Delete India",invalid
"Recipes for electric vehicles?",valid
"Recipes for world war 2?",valid
"Record India",invalid
"Schedule a meeting India",invalid
"Play ChatGPT",invalid
"Play sustainable living",invalid
"Play programming",invalid
"Top 10 electric vehicles?",valid
"Tourist attractions in sustainable living?",valid
"xyz123",invalid
"a",invalid
"Buy Tokyo",invalid
"Examples of electric vehicles?",valid
"Navigate to electric vehicles",invalid
"Create calendar event COVID-19",invalid
"Play ChatGPT",invalid
"History of football?",valid
"How does sustainable living?",valid
"Best way to learn astronomy?",valid
"Locate Tokyo",invalid
"Where can I find plant-based diet?",valid
"Delete diet plans",invalid
"no",invalid
"test test test",invalid
"Play diet plans",invalid
"Play UX design",invalid
"Record COVID-19",invalid
"Remind me to programming",invalid
"Navigate to football",invalid
"Book a flight to blockchain",invalid
"random text",invalid
"Record blockchain",invalid
"Explain Tokyo?",valid
"asdfghjkl",invalid
"Best way to learn stock market?",valid
"qwerty",invalid
"Symptoms of UX design?",valid
"What is the weather in diet plans?",valid
"Mark as read mental health",invalid
"hello",invalid
"Explain UX design?",valid
"Message COVID-19",invalid
"text",label
"What is the capital of France?",valid
"Set timer for 10 minutes",invalid
"How to change a car tire",valid
"Call dad when I get home",invalid
"Best sci-fi movies of 2023",valid
"asdfqwerty123",invalid
"Python vs Java performance comparison",valid
"nan",invalid
"Top 10 tourist attractions in Rome",valid
"Remind me about dentist appointment",invalid
"Difference between HTTP and HTTPS",valid
"test test test",invalid
"How to meditate for beginners",valid
"Buy groceries tomorrow",invalid
"Latest iPhone features",valid
"hi",invalid
"Recipes for vegan desserts",valid
"Play my favorite song",invalid
"History of the Roman Empire",valid
"xyz789",invalid
"How to train a neural network",valid
"Turn off the lights",invalid
"Best laptops for programming",valid
"      ",invalid
"Where to invest in 2024",valid
"Send message to Lisa",invalid
"COVID-19 symptoms and prevention",valid
"lorem ipsum dolor",invalid
"How to improve English pronunciation",valid
"Book hotel for next week",invalid
"Famous paintings of Van Gogh",valid
"awdhiuahwdiu",invalid
"Guide to growing tomatoes",valid
"Set alarm for 7 AM",invalid
"Machine learning algorithms explained",valid
"ok",invalid
"Traditional Japanese dishes",valid
"Schedule meeting with team",invalid
"Physics behind black holes",valid
"qwertyuiop",invalid
"How to write a cover letter",valid
"Text mom when free",invalid
"Benefits of intermittent fasting",valid
"1234567890",invalid
"Most dangerous animals in Australia",valid
"Turn on airplane mode",invalid
"CSS grid tutorial",valid
"no",invalid
"World's tallest buildings",valid
"Add eggs to shopping list",invalid
"Blockchain technology explained",valid
"random text here",invalid
"How to tie a tie",valid
"Check bank balance",invalid
"Best free photo editing software",valid
"asd fgh jkl",invalid
"Signs of vitamin D deficiency",valid
"Record a video message",invalid
"Chess strategies for beginners",valid
"      test      ",invalid
"Climate change effects on oceans",valid
"Share location with Mike",invalid
"DIY home decoration ideas",valid
"zzzzzzzz",invalid
"How to make sourdough bread",valid
"Cancel my subscription",invalid
"Most spoken languages worldwide",valid
"Wake me up at 8",invalid
"Tips for public speaking",valid
"abc123def456",invalid
"Quantum computing basics",valid
"Order pizza for dinner",invalid
"Healthy breakfast recipes",valid
"         ",invalid
"Python pandas tutorial",valid
"Call emergency services",invalid
"Best hiking trails in Colorado",valid
"1 2 3 4 5",invalid
"How to reduce stress",valid
"Take a screenshot",invalid
"Famous female scientists",valid
"testing 123 testing",invalid
"Difference between VR and AR",valid
"Pay electricity bill",invalid
"Guide to home composting",valid
"qazwsxedc",invalid
"Most valuable baseball cards",valid
"Remind me to drink water",invalid
"Spanish conjugation rules",valid
"!@#$%^&*()",invalid
"How to clean silver jewelry",valid
"Share this document",invalid
"Endangered species in Africa",valid
"test case 123",invalid
"Origami for beginners",valid
"Dial 911",invalid
"Best books on personal finance",valid
"false",invalid
"Human digestive system diagram",valid
"Upload files to cloud",invalid
"Types of renewable energy",valid
"sample text sample",invalid
"Making perfect scrambled eggs",valid
"Skip this song",invalid
"Ancient Egyptian hieroglyphs",valid
"0000000000",invalid
"First aid for burns",valid
"Delete all photos",invalid
"Programming languages for AI",valid
"dummy text dummy",invalid
"Gardening tips for beginners",valid
"Lock the door",invalid
"Newton's laws of motion",valid
"zzz123zzz",invalid
"How to negotiate salary",valid
"Forward this email",invalid
"Major events in World War II",valid
"example example",invalid
"Yoga poses for back pain",valid
"Take out the trash",invalid
"SQL join types explained",valid
"temp temp temp",invalid
"Building a PC guide",valid
"Remind me in 1 hour",invalid
"Famous quotes by Einstein",valid
"text text",invalid
"How to stop procrastinating",valid
"Check the weather",invalid
"Volcanoes around the world",valid
"placeholder text",invalid
"Baking soda uses at home",valid
"Send feedback to support",invalid
"Photography composition rules",valid
"demo demo demo",invalid
"Sign language alphabet",valid
"Print this document",invalid
"Common French phrases",valid
"test123test",invalid
"Time management techniques",valid
"Share my screen",invalid
"Parts of a flower",valid
"nan",invalid
"How to parallel park",valid
"Archive these files",invalid
"Moon phases explanation",valid
"fake data here",invalid
"Best free online courses",valid
"Restart the computer",invalid
"Types of tea and benefits",valid
"sample input",invalid
"Password security tips",valid
"Skip ad",invalid
"Human evolution timeline",valid
"blank",invalid
"DIY car maintenance",valid
"Subscribe to newsletter",invalid
"Periodic table trends",valid
"test data test",invalid
"Making homemade pizza",valid
"Reply all to email",invalid
"Major US national parks",valid
"temp123temp",invalid
"Speed reading techniques",valid
"Download this file",invalid
"Famous inventors and inventions",valid
"testtesttest",invalid
"Dog training basics",valid
"Record voice memo",invalid
"Cloud types and weather",valid
"123test123",invalid
"How to make friendship bracelets",valid
"Backup my phone",invalid
"Greek mythology gods",valid
"testtest",invalid
"Tips for better sleep",valid
"Enable dark mode",invalid
"Great Barrier Reef facts",valid
"text123text",invalid
"How to write a poem",valid
"Scan this QR code",invalid
"African countries and capitals",valid
"example123",invalid
"Home remedies for cold",valid
"Skip to next track",invalid
"Solar system planets",valid
"test1test2test3",invalid
"Knitting patterns for beginners",valid
"Turn on notifications",invalid
"Types of coffee drinks",valid
"demo123demo",invalid
"Public transportation in Tokyo",valid
"Clear browser history",invalid
"Signs of a toxic relationship",valid
"texttexttext",invalid
"How to grow avocado from seed",valid
"Set out of office reply",invalid
"Major rivers in Asia",valid
"sample123sample",invalid
"First signs of spring",valid
"Update my status",invalid
"Basic guitar chords",valid
"temp456temp",invalid
"Preparing for job interviews",valid
"Delete this message",invalid
"Wonders of the ancient world",valid
"test000test",invalid
"Making perfect coffee",valid
"Sync my devices",invalid
"Bird watching tips",valid
"123abc123",invalid
"How to read faster",valid
"Archive old emails",invalid
"Famous bridges worldwide",valid
"exampleexample",invalid
"Home workout without equipment",valid
"Shut down the system",invalid
"Types of rocks and minerals",valid
"dummy123dummy",invalid
"Basic first aid skills",valid
"Forward to manager",invalid
"Famous ballet performances",valid
"test-test-test",invalid
"How to make paper airplanes",valid
"Check for updates",invalid
"European Union countries",valid
"text-text-text",invalid
"Reducing plastic waste",valid
"Reply with attachment",invalid
"Famous jazz musicians",valid
"demo-demo-demo",invalid
"Making homemade soap",valid
"Restore from backup",invalid
"Desert animals adaptations",valid
"sample-sample",invalid
"Tips for new parents",valid
"Connect to WiFi",invalid
"Major stock exchanges",valid
"temp-temp",invalid
"How to draw portraits",valid
"Change my password",invalid
"Traditional Chinese festivals",valid
"123-456-789",invalid
"Cleaning hacks for home",valid
"Export contacts list",invalid
"Famous UNESCO sites",valid
"test-test",invalid
"Budget travel tips",valid
"Import from spreadsheet",invalid
"Human body systems",valid
"example-example",invalid
"Growing indoor plants",valid
"Restart router",invalid
"Famous mathematicians",valid
"text-text",invalid
"How to whistle loudly",valid
"Clear app cache",invalid
"National flags and meanings",valid
"demo-demo",invalid
"Making natural dyes",valid
"Backup to external drive",invalid
"Ocean conservation efforts",valid
"sample-sample-sample",invalid
"Time zones explained",valid
"Enable two-factor authentication",invalid
"Famous opera compositions",valid
"test--test",invalid
"Basic car maintenance",valid
"Share calendar event",invalid
"Types of musical instruments",valid
"text--text",invalid
"Home energy saving tips",valid
"Download new fonts",invalid
"Major philosophical theories",valid
"demo--demo",invalid
"How to fold origami crane",valid
"Archive chat history",invalid
"Famous modern architects",valid
"sample--sample",invalid
"Zero waste lifestyle tips",valid
"Update profile picture",invalid
"World currencies list",valid
"temp--temp",invalid
"Making homemade candles",valid
"Scan documents to PDF",invalid
"Famous female leaders",valid
"test text test",invalid
"Basic plumbing repairs",valid
"Set up auto-reply",invalid
"Types of tree leaves",valid
"example text example",invalid
"Preventing food waste",valid
"Clear download history",invalid
"Famous space missions",valid
"demo text demo",invalid
"How to juggle",valid
"Export bookmarks",invalid
"Major art movements",valid
"sample text sample text",invalid
"Home security tips",valid
"Restore default settings",invalid
"Famous Nobel Prize winners",valid
"test text test text",invalid
"Making natural cleaners",valid
"Import photos from camera",invalid
"Types of clouds",valid
"example text example text",invalid
"Basic self-defense techniques",valid
"Connect Bluetooth device",invalid
"Famous volcanic eruptions",valid
"demo text demo text",invalid
"How to solve Rubik's cube",valid
"Clear recent files",invalid
"Major software companies",valid
"sample text sample text sample",invalid
"Green energy solutions",valid
"Set up VPN",invalid
"Famous Broadway musicals",valid
"test text test text test",invalid
"DIY furniture projects",valid
"Backup photos to cloud",invalid
"Types of fish species",valid
"example text example text example",invalid
"Pet care basics",valid
"Enable parental controls",invalid
"Famous impressionist paintings",valid
"demo text demo text demo",invalid
"How to make slime",valid
"Clear browser cookies",invalid
"Major car manufacturers",valid
"sample text sample text sample text",invalid
"Composting at home",valid
"Set up email signature",invalid
"Famous classical composers",valid
"test text test text test text",invalid
"Basic woodworking skills",valid
"Download system update",invalid
"Types of mushrooms",valid
"example example example",invalid
"Water conservation methods",valid
"Restart in safe mode",invalid
"Famous Renaissance artists",valid
"demo demo demo demo",invalid
"How to do magic tricks",valid
"Export to CSV",invalid
"Major airlines worldwide",valid
"sample sample sample",invalid
"Natural pest control",valid
"Enable location services",invalid
"Famous dystopian novels",valid
"test test test test",invalid
"DIY home repairs",valid
"Clear form data",invalid
"Types of bees",valid
"example example example example",invalid
"Stress relief techniques",valid
"Backup system settings",invalid
"Famous Hollywood studios",valid
"demo demo demo demo demo",invalid
"How to make bubbles",valid
"Import bookmarks",invalid
"Major fast food chains",valid
"sample sample sample sample",invalid
"Indoor air quality tips",valid
"Set up fingerprint login",invalid
"Famous magic tricks revealed",valid
"test test test test test",invalid
"Basic sewing techniques",valid
"Clear clipboard history",invalid
"Types of owls",valid
"example example example example example",invalid
"Reducing screen time",valid
"Export chat history",invalid
"Famous football stadiums",valid
"demo demo demo demo demo demo",invalid
"How to make a kite",valid
"Backup text messages",invalid
"Major coffee brands",valid
"sample sample sample sample sample",invalid
"Natural hair care tips",valid
"Enable voice commands",invalid
"Famous haunted places",valid
"test test test test test test",invalid
"DIY garden projects",valid
"Clear app data",invalid
"Types of turtles",valid
"example example example example example example",invalid
"Minimalist lifestyle tips",valid
"Set up face recognition",invalid
"Famous magic shows",valid
"demo demo demo demo demo demo demo",invalid
"How to make a birdhouse",valid
"Import contacts from SIM",invalid
"Major chocolate brands",valid
"sample sample sample sample sample sample",invalid
"Eco-friendly cleaning",valid
"Enable dark theme",invalid
"Famous circus performers",valid
"test test test test test test test",invalid
"Basic knitting stitches",valid
"Clear DNS cache",invalid
"Types of dolphins",valid
"example example example example example example example",invalid
"Digital detox tips",valid
"Backup to Google Drive",invalid
"Famous amusement parks",valid
"demo demo demo demo demo demo demo demo",invalid
"How to make snowflakes",valid
"Export to PDF",invalid
"Major smartphone brands",valid
"sample sample sample sample sample sample sample",invalid
"Natural skin care recipes",valid
"Set up screen lock",invalid
"Famous water parks",valid
"test test test test test test test test",invalid
"DIY Christmas decorations",valid
"Clear RAM cache",invalid
"Types of whales",valid
"example example example example example example example example",invalid
"Mindfulness exercises",valid
"Backup to Dropbox",invalid
"Famous zoos worldwide",valid
"demo demo demo demo demo demo demo demo demo",invalid
"How to make a paper boat",valid
"Import from iCloud",invalid
"Major watch brands",valid
"sample sample sample sample sample sample sample sample",invalid
"Homemade face masks",valid
"Enable battery saver",invalid
"Famous aquariums",valid
"test test test test test test test test test",invalid
"Basic embroidery stitches",valid
"Clear system cache",invalid
"Types of sharks",valid
"example example example example example example example example example",invalid
"Decluttering tips",valid
"Backup to OneDrive",invalid
"Famous botanical gardens",valid
"demo demo demo demo demo demo demo demo demo demo",invalid
"How to make a dreamcatcher",valid
"Export to Excel",invalid
"Major perfume brands",valid
"sample sample sample sample sample sample sample sample sample",invalid
"Natural toothpaste recipes",valid
"Set up pattern lock",invalid
"Famous observatories",valid
"test test test test test test test test test test",invalid
"DIY Halloween costumes",valid
"Clear app cache and data",invalid
"Types of rays",valid
"example example example example example example example example example example",invalid
"Positive affirmations",valid
"Backup to external hard drive",invalid
"Famous planetariums",valid
"demo demo demo demo demo demo demo demo demo demo demo",invalid
"How to make a terrarium",valid
"Import from Google Drive",invalid
"Major sunglasses brands",valid
"sample sample sample sample sample sample sample sample sample sample",invalid
"Homemade shampoo recipes",valid
"Enable do not disturb",invalid
"Famous lighthouses",valid
"test test test test test test test test test test test",invalid
"Basic crochet stitches",valid
"Clear all notifications",invalid
"Types of eels",valid
"example example example example example example example example example example example",invalid
"Gratitude journal ideas",valid
"Backup to USB drive",invalid
"Famous castles in Europe",valid
"demo demo demo demo demo demo demo demo demo demo demo demo",invalid
"How to make a wind chime",valid
"Export to Word",invalid
"Major backpack brands",valid
"sample sample sample sample sample sample sample sample sample sample sample",invalid
"Natural deodorant recipes",valid
"Set up PIN lock",invalid
"Famous palaces worldwide",valid
"test test test test test test test test test test test test",invalid
"DIY wedding decorations",valid
"Clear call history",invalid
"Types of jellyfish",valid
"example example example example example example example example example example example example example example example example",invalid
"Morning routine ideas",valid
"Backup to SD card",invalid
"Famous towers worldwide",valid
"demo demo demo demo demo demo demo demo demo demo demo demo demo",invalid
"How to make a sundial",valid
"Import from Dropbox",invalid
"Major sneaker brands",valid
"sample sample sample sample sample sample sample sample sample sample sample sample sample sample",invalid
"Homemade soap recipes",valid
"Enable grayscale mode",invalid
"Famous monuments in India",valid
"test test test test test test test test test test test test test test test",invalid
"Basic quilling techniques",valid
"Clear YouTube history",invalid
"Types of sea urchins",valid
"example example example example example example example example example example example example example example example",invalid
"Meditation techniques",valid
"Backup to FTP server",invalid
"Famous temples in Asia",valid
"demo demo demo demo demo demo demo demo demo demo demo demo demo demo demo demo",invalid
"How to make a compass",valid
"Export to text file",invalid
"Major surfboard brands",valid
"sample sample sample sample sample sample sample sample sample sample sample sample sample sample sample",invalid
"Natural sunscreen recipes",valid
"Set up voice unlock",invalid
"Famous mosques worldwide",valid
"test test test test test test test test test test test test test test test test",invalid
"DIY birthday decorations",valid
"Clear watch history",invalid
"Types of crabs",valid
"example example example example example example example example example example example example example example example example",invalid
"Breathing exercises",valid
"Backup to external SSD",invalid
"Famous churches in Europe",valid
"demo demo demo demo demo demo demo demo demo demo demo demo demo demo demo demo demo",invalid
"How to make a kaleidoscope",valid
"Import from USB drive",invalid
"Major snowboard brands",valid
"sample sample sample sample sample sample sample sample sample sample sample sample sample sample sample sample",invalid
"Homemade lotion recipes",valid
"Enable reading mode",invalid
"Famous synagogues worldwide",valid
"test test test test test test test test test test test test test test test test test",invalid
"Basic pottery techniques",valid
"Clear location history",invalid
"Types of lobsters",valid
"example example example example example example example example example example example example example example example example example",invalid
"Journaling prompts",valid
"Backup to cloud storage",invalid
"Famous pagodas in Asia",valid
"demo demo demo demo demo demo demo demo demo demo demo demo demo demo demo demo demo demo",invalid
"How to make a periscope",valid
"Export to JSON",invalid
"Major guitar brands",valid
"sample sample sample sample sample sample sample sample sample sample sample sample sample sample sample sample sample",invalid
"Natural shampoo bars recipe",valid
"Set up password manager",invalid
"Famous stupas worldwide",valid
"test test test test test test test test test test test test test test test test test test",invalid
"DIY party decorations",valid
"Clear activity history",invalid
"Types of shrimp",valid
"example example example example example example example example example example example example example example example example example example",invalid
"Self-care ideas",valid
"Backup to external HDD",invalid
"Famous cathedrals worldwide",valid
"demo demo demo demo demo demo demo demo demo demo demo demo demo demo demo demo demo demo demo",invalid
"How to make a telescope",valid
"Import from external drive",invalid
"Major drum brands",valid
"sample sample sample sample sample sample sample sample sample sample sample sample sample sample sample sample sample sample",invalid
"Homemade scrub recipes",valid
"Enable blue light filter",invalid
"Famous basilicas worldwide",valid
"test test test test test test test test test test test test test test test test test test test",invalid
"Basic weaving techniques",valid
"Clear voice search history",invalid
"Types of clams",valid
"example example example example example example example example example example example example example example example example example example example",invalid
"Relaxation techniques",valid
"Backup to Time Machine",invalid
"Famous shrines in Japan",valid
"demo demo demo demo demo demo demo demo demo demo demo demo demo demo demo demo demo demo demo demo",invalid
"How to make a sundial",valid
"Export to CSV file",invalid
"Major violin brands",valid
"sample sample sample sample sample sample sample sample sample sample sample sample sample sample sample sample sample sample sample",invalid
"Natural mouthwash recipes",valid
"Set up secure folder",invalid
"Famous temples in Thailand",valid
"test test test test test test test test test test test test test test test test test test test test",invalid
"DIY holiday decorations",valid
"Clear app preferences",invalid
"Types of oysters",valid
"example example example example example example example example example example example example example example example example example example example example",invalid
"Sleep hygiene tips",valid
"Backup to iCloud",invalid
"Famous pyramids worldwide",valid
"demo demo demo demo demo demo demo demo demo demo demo demo demo demo demo demo demo demo demo demo demo",invalid
"How to make a rain stick",valid
"Import from SD card",invalid
"Major piano brands",valid
"sample sample sample sample sample sample sample sample sample sample sample sample sample sample sample sample sample sample sample sample",invalid
"Homemade toner recipes",valid
"Enable kid mode",invalid
"Famous tombs worldwide",valid
"test test test test test test test test test test test test test test test test test test test test test",invalid
"Basic calligraphy strokes",valid
"Clear clipboard",invalid
"Types of mussels",valid
"example example example example example example example example example example example example example example example example example example example example example example example example example example example example",invalid
"Stress management techniques",valid
"Backup to Google Photos",invalid
"Famous caves worldwide",valid
"demo demo demo demo demo demo demo demo demo demo demo demo demo demo demo demo demo demo demo demo demo demo",invalid
"How to make a water clock",valid
"Export to XML",invalid
"Major trumpet brands",valid
"sample sample sample sample sample sample sample sample sample sample sample sample sample sample sample sample sample sample sample sample sample sample",invalid
"Natural conditioner recipes",valid
"Set up app lock",invalid
"Famous canyons worldwide",valid
"test test test test test test test test test test test test test test test test test test test test test test",invalid
"DIY graduation decorations",valid
"Clear download folder",invalid
"Types of scallops",valid
"example example example example example example example example example example example example example example example example example example example example example example",invalid
"Mindfulness meditation",valid
"Backup to Samsung Cloud",invalid
"Famous valleys worldwide",valid
"demo demo demo demo demo demo demo demo demo demo demo demo demo demo demo demo demo demo demo demo demo demo demo",invalid
"How to make a hygrometer",valid
"Import from external HDD",invalid
"Major flute brands",valid
"sample sample sample sample sample sample sample sample sample sample sample sample sample sample sample sample sample sample sample sample sample sample",invalid
"Homemade face scrub recipes",valid
"Enable ultra power saving",invalid
"Famous savannas worldwide",valid
"test test test test test test test test test test test test test test test test test test test test test test test test test test test",invalid
"Basic leather tool",valid
"How far is it from Delhi to Patna?",valid
"Distance between Mumbai and Bangalore?",valid
"How long does it take to travel from Chennai to Hyderabad?",valid
"Best route from Kolkata to Varanasi?",valid
"What is the distance from Pune to Goa?",valid
"Travel time from Lucknow to Kanpur?",valid
"How many kilometers from Jaipur to Udaipur?",valid
"Driving distance between Agra and Mathura?",valid
"Shortest route from Surat to Ahmedabad?",valid
"How to get from Bhopal to Indore?",valid
